Response,Var3,glide ligand efficiency sa,glide evdw,glide ecoul,glide emodel,glide energy,glide einternal,XP GScore,XP HBond,HOMO,LUMO,Lowest Frequency (cm-1),Highest Frequency (cm-1),2nd Lowest Frequency (cm-1),Var24,pZPE,Heat Capacity (cal/mol/K) 298.15K 1.00E+00atm,ln(Q) 298.15K 1.00E+00atm,Prime Coulomb,Prime Covalent,Prime vdW,Prime Solv GB,Prime Energy,Prime Bond Covalent,Prime Angle Covalent,Prime Angle SGB,Prime Torsion Covalent,Prime NB14 LJ,Prime NB14 Elec,Prime NB14 SGB,Prime NBShort LJ,Prime NBShort Lipo,Prime NBShort Elec,Prime NBShort SGB,Prime NBLong LJ,Prime NBLong SGB,Prime Self SGB,Prime Hbond,Prime Packing,Prime SelfCont,gridbox xcent,gridbox ycent,gridbox zcent,gridbox zrange,glide lipo,glide rewards,glide erotb,XP RotPenal,XP LipophilicEvdW,XP Electro,XP Sitemap,IFDScore,HOMO-1,LUMO-1,Zero Point Energy (kcal/mol)-1,"Enthalpy (kcal/mol, 298K)","Free Energy (kcal/mol, 298K)",Total Free Energy at 298.15K (au),X,Centralization,Eccentric connectivity,2-path Kier alpha-modified shape index,3-path Kier alpha-modified shape index,ALOGP10,Average valence connectivity index chi-0,Average valence connectivity index chi-4,Average valence connectivity index chi-5,Balaban-type index from van der waals weighted distance matrix,Balaban distance connectivity index,Connectivity index chi-2,Connectivity index chi-4,E-state topological parameter,Eccentric,First Mohar,First Zagreb index by valence vertex degrees,Global topological charge,Harary,Kier benzene-likeliness index,Kier flexibility,Maximal electrotopological negative variation,Maximal electrotopological positive variation,Mean Wiener,Modified Randic connectivity,Molecular electrotopological variation,Schultz Molecular Topological by valence vertex degrees,Solvation connectivity index chi-5,Valence connectivity index chi-0,Valence connectivity index chi-4,Valence connectivity index chi-5,Van der Waals surface area,Wiener-type index from mass weighted distance matrix,Wiener-type index from van der waals weighted distance matrix,MW,AlogP,Var148,PSA,Estate,Polar
1.245957613,-4.159,-1.013,-24.513,-24.836,-64.695,-49.349,6.889,-9.995,-5.836,-0.24734,-0.07945,29.245,3786.087,38.867,1399.183003,-3.145874521,105.521,55.824,-3757.35,709.47,-327.77,-355.62,-4079.9,61.269,304.913,-3206.256,343.29,494.43,3229.252,-2696.85,-786.266,-234.662,-6964.515,3227.086,-35.929,24.577,-5629.512,-84.82,-12.74,-16.42,-12.663,21.459,1.371,23.324,-1.427,-0.696,0.492,0.148,-2.37,-1.863,-0.161,-213.99,-0.36123,0.0165,277.541,15.484,-31.731,-1898.922914,89.23711,1500,745,8.60971038,4.07257982,128.0112605,0.54541936,0.05151608,0.02902566,1.15355735,1.39034077,13.77311739,9.81923853,86.40297061,1.58584807,182.2735588,508.4444444,0.48236571,127.1685703,0.95368751,6.05533326,5.07720121,5.82764977,5.87956989,103.7951459,64.58957871,21382.77778,8.69330097,16.90800026,4.58493155,3.16379693,423.58563,1873.564382,3291.783802,451.4503,-0.2463,0.567152695,172.61,86.25,49.056
0.817015033,-3.835,-1.004,-22.742,-21.625,-79.98,-44.366,0,-9.909,-6.074,-0.24147,-0.06951,-23.696,3850.609,7.02,575.5136324,-2.760055615,104.634,55.307,-3769.35,699.85,-325.22,-356.77,-4099.99,60.664,303.037,-3191.633,336.148,492.585,3243.467,-2731.774,-781.867,-231.722,-7015.204,3277.691,-35.938,-1.121,-5624.653,-84.58,-12.68,-19.52,-13.413,21.357,1.529,24.109,-0.965,-0.611,0.492,0.211,-2.491,-1.622,-0.014,-214.91,-0.37062,0.0059,279.207,14.866,-30.948,-1898.897808,23.6478,1489,802,8.60971038,4.19772016,128.0112605,0.54541936,0.05198762,0.02903324,1.1145238,1.30698579,13.85743705,9.67210895,84.9164207,1.74193548,187.5690323,508.4444444,0.49820214,124.9963398,0.95368751,6.05533326,5.02068645,5.71042934,6.2344086,103.685707,63.45910327,22629.11111,8.64905205,16.90800026,4.52292292,3.10655645,423.58563,1983.564382,3401.783802,451.4503,-0.2463,0.567152695,172.61,86.25,49.056
2.265520211,-5.14,-1.125,-31.185,-24.702,-83.687,-55.887,4.505,-11.105,-5.965,-0.22531,-0.05305,-9.22,3784.459,12.651,5.480341761,-0.738807642,104.94,55.783,-3761.65,687.24,-332.67,-366.06,-4124.73,60.771,301.357,-3232.48,325.116,488.52,3238.854,-2719.493,-784.843,-233.136,-6991.799,3270.58,-36.348,9.013,-5662.103,-84.91,-13.98,-19.57,-13.606,21.309,1.2,24.34,-1.245,-0.575,0.346,0.148,-3.228,-1.853,-0.208,-217.34,-0.30188,0.05509,284.295,14.612,-30.385,-1878.785731,7.23532,1489,802,8.60971038,4.19772016,128.0112605,0.5483791,0.05428269,0.03067547,1.20346488,1.30698579,13.85743705,9.67210895,86.93238529,1.74193548,187.5690323,488.4444444,0.49820214,124.9963398,0.96932728,6.05533326,4.77068645,5.82154046,6.2344086,103.2589303,60.96257198,22323.11111,8.64905205,16.99975197,4.72259363,3.28227516,426.9075224,2018.292325,3169.192515,450.4656,-0.7071,0.196290825,175.41,85.25,49.77
3.135607595,-4.472,-0.994,-25.53,-25.326,-72.842,-50.857,11.171,-9.382,-4.91,-0.26698,-0.06949,23.487,3815.133,28.692,1156.285043,-3.063064908,99.631,55.262,-3795.92,706.22,-328.88,-347.73,-4107.06,58.295,298.053,-3195.684,349.87,485.458,3244.436,-2731.031,-778.536,-230.08,-7027.338,3275.442,-35.799,12.056,-5613.409,-85.62,-9.02,-16.04,-12.781,20.181,2.409,23.238,-0.932,-0.73,0.521,0.223,-2.734,-1.899,-0.089,-214.73,-0.43446,0.00243,235.63,14.762,-31.06,-1943.989475,73.79022,1295,631,8.37768316,4.2923948,96.73496026,0.52946649,0.04872827,0.02679455,1.28380998,1.631549,13.02933054,8.5319703,112.849304,1.53626635,112.9043486,570.4444444,0.56190082,114.3869492,0.92933125,6.26228106,5.61877529,5.73019509,5.63054187,98.45539996,81.202577,19907.77778,7.44792538,15.35452813,3.70334887,2.41150933,396.8162175,1577.68381,2920.154237,437.3726,-0.7437,0.180426365,172.61,94.25,40.516
2.709965389,-4.735,-1.032,-28.45,-24.548,-73.379,-52.998,6.719,-9.743,-5.008,-0.26971,-0.06145,-4.817,3796.835,20.567,52.22129294,-1.71784762,98.615,54.603,-3770.49,694.42,-317.98,-361.93,-4099.66,58.465,296.773,-3226.848,339.184,484.28,3240.981,-2750.651,-766.651,-225.859,-7016.431,3306.516,-35.613,-4.3,-5668.394,-83.59,-14.66,-19.58,-12.719,19.256,2.225,23.681,-0.779,-0.684,0.521,0.156,-2.543,-2.491,-0.476,-214.73,-0.39676,0.04069,235.76,14.813,-31.307,-1944.02381,7.43865,1262,682,8.37768316,4.44175185,96.73496026,0.52946649,0.0492073,0.02675306,1.24052598,1.52943501,13.11365021,8.38484071,111.0610578,1.71462545,116.2177954,570.4444444,0.57935524,112.3664391,0.92933125,6.26228106,5.56226052,5.6528165,5.98275862,98.34596107,79.89786407,21090.11111,7.40367646,15.35452813,3.64134024,2.35426885,396.8162175,1673.017144,3015.48757,437.3726,-0.7437,0.180426365,172.61,94.25,40.516
4.001391971,-4.582,-0.971,-31.868,-17.43,-65.131,-49.298,8.597,-9.162,-4.58,-0.26847,-0.05794,18.246,3802.667,30.4,0.58614489,0.231995017,101.373,55.176,-3810.2,708.35,-327.77,-359.78,-4128.15,59.319,302.239,-3227.307,346.798,484.493,3249.583,-2733.204,-776.398,-228.156,-7029.252,3261.59,-35.869,29.856,-5645.812,-83.47,-10.75,-16.37,-12.954,21.121,1.458,22.284,-0.898,-0.784,0.523,0.224,-3.096,-1.307,-0.357,-215.57,-0.38224,0.0558,243.406,15.18,-31.697,-1924.151914,0.74904,1168,694,8.40517794,4.53498748,133.6382827,0.56791409,0.05603402,0.03288082,1.32872616,1.49561403,12.56844468,7.82362269,89.21443922,1.7755102,109.9989881,446.0493827,0.56342427,105.9652264,1.00526559,6.33599853,4.71949046,5.27577137,5.95238095,96.89845843,61.10239433,17096.71605,6.98332126,15.90159458,3.81031303,2.69622689,404.6849665,1576.017222,2540.167276,434.852,-0.9511,0.111918015,175.41,81.694,43.382
4.572027286,-4.743,-0.995,-26.147,-24.486,-74.181,-50.633,12.089,-9.394,-4.651,-0.25842,-0.07089,20.989,3797.485,23.805,957.7538965,-2.981253928,100.973,55.362,-3790.18,709.4,-332.26,-352.11,-4104.87,58.099,298.865,-3209.507,352.438,483.774,3229.906,-2715.179,-780.376,-229.901,-6996.664,3253.996,-35.66,22.621,-5626.645,-84.32,-9.37,-16.13,-12.65,20.558,2.322,23.876,-1.513,-0.891,0.523,0.224,-2.678,-1.836,-0.471,-214.64,-0.40044,0.03598,243.9,14.911,-31.134,-1924.155654,25.85224,1295,631,8.37768316,4.2923948,96.73496026,0.53263034,0.0513876,0.0287241,1.38544875,1.631549,13.02933054,8.5319703,115.0445257,1.53626635,112.9043486,550.4444444,0.56190082,114.3869492,0.94648454,6.26228106,5.36877529,5.77019509,5.63054187,98.02862326,79.65982882,19645.77778,7.44792538,15.44627984,3.9054578,2.58516929,400.1381099,1607.34011,2722.041519,436.3878,-1.2045,0.062445335,175.41,93.25,41.23
3.395449967,-4.793,-1.07,-31.812,-22.037,-81.606,-53.848,7.563,-10.562,-5.769,-0.23241,-0.05199,8.259,3797.221,17.618,1385.722415,-3.141676242,112.496,59.136,-3780.17,701.41,-344.34,-357.06,-4130.31,58.015,301.802,-3190.828,341.592,487.528,3225.365,-2712.259,-795.872,-233.941,-7001.646,3256.917,-35.998,5.566,-5617.825,-84.34,-12.38,-19.49,-13.319,22.045,1.743,25.204,-1.535,-0.644,0.567,0.17,-3.134,-1.653,-0.239,-217.08,-0.33556,0.0638,291.3,16.925,-33.294,-1973.980261,86.99128,1532,718,9.6631217,4.77898389,145.5867837,0.56177728,0.05072112,0.0283869,1.29284444,1.6450282,13.38947658,9.04738987,103.279722,1.58584807,128.3034133,546.4444444,0.53475466,125.5114275,0.94998818,7.3826646,5.23095121,5.72598311,5.91397849,105.4101169,69.87107275,21821.77778,8.03241092,17.41509577,4.10841106,2.78191648,453.134546,1899.274595,3527.91068,461.4436,-1.1875,0.064938163,191.07,89.25,45.642
3.000651931,-4.602,-1.073,-27.133,-24.253,-76.348,-51.386,5.935,-10.587,-5.985,-0.21883,-0.03695,9.573,3808.306,15.295,408.0921742,-2.610758267,112.606,59.554,-3786.84,702.22,-325.99,-364.97,-4116.3,59.088,301.245,-3236.578,341.886,486.152,3239.001,-2735.762,-775.861,-226.319,-7015.593,3286.166,-36.285,11.063,-5685.26,-84.19,-10.54,-19.67,-14.136,19.025,-0.329,27.339,-0.968,-0.577,0.567,0.17,-2.882,-1.819,-0.15,-216.4,-0.36288,0.04821,290.747,17.061,-33.459,-1973.979514,19.5348,1521,773,9.6631217,4.9343223,145.5867837,0.56177728,0.05122028,0.02838204,1.25104823,1.54612807,13.47379625,8.90026029,101.4806587,1.74193548,131.8875098,546.4444444,0.55049365,123.3391969,0.94998818,7.3826646,5.17443645,5.60876268,6.2688172,105.300678,68.71209741,23090.11111,7.98816201,17.41509577,4.04640244,2.724676,453.134546,2009.274595,3637.91068,461.4436,-1.1875,0.064938163,191.07,89.25,45.642
4.373044049,-3.502,-0.963,-35.823,-25.29,-66.725,-61.113,12.942,-9.499,-5.997,-0.21468,-0.04016,9.035,3781.758,23.238,234.8541946,-2.370798321,112.992,58.196,-3812.82,706.33,-330.64,-358.54,-4141.79,58.645,304.164,-3224.944,343.52,489.679,3224.128,-2697.432,-784.428,-232.704,-7025.678,3253.444,-35.888,10.699,-5636.773,-85.3,-11.85,-16.28,-14.792,24.599,1.22,26.803,-1.161,-0.795,0.399,0.171,-2.216,-1.897,-0.15,-216.59,-0.32022,0.08347,295.18,16.159,-31.809,-1953.951974,11.19362,1521,773,9.6631217,4.9343223,145.5867837,0.56473702,0.05368337,0.03017938,1.3455712,1.54612807,13.47379625,8.90026029,103.9933157,1.74193548,131.8875098,526.4444444,0.55049365,123.3391969,0.96610188,7.3826646,4.92443645,5.71987379,6.2688172,104.8739013,66.55445501,22784.11111,7.98816201,17.50684748,4.24098638,2.89722016,456.4564384,2044.002538,3405.319393,460.4589,-1.6483,0.022475016,193.87,88.25,46.356
4.822175028,-4.144,-1.075,-31.993,-31.865,-95.21,-63.857,20.609,-10.604,-6.46,-0.22379,-0.0452,23.392,3810.572,29.504,958.1354952,-2.981426929,113.932,59.088,-3811.89,718.87,-332,-350.12,-4122.91,59.349,306.781,-3197.57,352.74,487.539,3208.349,-2719.572,-783.92,-229.755,-6996.033,3252.126,-35.621,25.159,-5625.628,-85.86,-12.58,-19.58,-13.06,21.755,1.18,24.349,-0.88,-0.603,0.399,0.171,-2.215,-2,-0.292,-216.75,-0.35604,0.04754,299.466,16.915,-32.939,-1954.146227,34.90225,1532,718,9.6631217,4.77898389,145.5867837,0.56473702,0.0532268,0.03028712,1.39412239,1.6450282,13.38947658,9.04738987,105.7303634,1.58584807,128.3034133,526.4444444,0.53475466,125.5114275,0.96610188,7.3826646,4.98095121,5.83709422,5.91397849,104.9833402,67.57376676,21537.77778,8.03241092,17.50684748,4.31137076,2.96813818,456.4564384,1934.002538,3295.319393,460.4589,-1.6483,0.022475016,193.87,88.25,46.356
2.745693668,-5.067,-1.048,-29.6,-27.518,-75.266,-57.118,8.497,-10.346,-5.279,-0.25031,-0.08107,17.855,3793.05,24.754,1106.23867,-3.043848836,107.023,56.103,-3789.89,701.8,-333.88,-357.98,-4128.24,60.567,301.621,-3189.626,339.61,489.092,3225.556,-2716.559,-787.134,-233.235,-6991.352,3241.022,-35.839,24.129,-5622.115,-83.89,-14.81,-16.36,-13.521,21.72,1.639,24.426,-0.887,-0.414,0.346,0.148,-3.25,-2,-0.106,-216.76,-0.34646,0.02776,287.317,15.383,-31.593,-1879.055821,45.96328,1500,745,8.60971038,4.07257982,128.0112605,0.5483791,0.05385369,0.03076324,1.24916973,1.39034077,13.77311739,9.81923853,88.36117988,1.58584807,182.2735588,488.4444444,0.48236571,127.1685703,0.96932728,6.05533326,4.82720121,5.93876088,5.87956989,103.3683692,61.95338383,21098.77778,8.69330097,16.99975197,4.792978,3.35319318,426.9075224,1908.292325,3059.192515,450.4656,-0.7071,0.196290825,175.41,85.25,49.77
3.358030402,-4.078,-1.119,-31.421,-17.978,-84.018,-49.399,0,-10.801,-6.723,-0.27291,-0.09009,19.355,3819.071,22.94,1362.158196,-3.134227548,104.616,56.459,-3796.03,693.76,-339.86,-353.31,-4141.82,57.472,296.501,-3257.237,339.791,483.426,3247.769,-2717.262,-787.397,-230.612,-7026.299,3274.412,-35.885,17.993,-5704.922,-85.3,-11.01,-19.45,-12.249,19.802,2.406,22.38,-0.472,-0.437,0.706,0.212,-2.748,-1.998,-0.29,-217.89,-0.42022,0.00092,256.363,15.716,-32.215,-1933.911086,87.03907,1476,740,8.85104338,4.59299414,104.5540353,0.53438038,0.05024383,0.0282152,1.28335581,1.56947935,13.3830499,8.49653569,106.9270119,1.77777778,123.4029957,542.4444444,0.55051103,118.2056416,0.93620526,6.61645657,5.18599515,5.34739231,6.04137931,100.8780497,74.51979185,22052.44444,6.9643373,16.03141134,3.7180433,2.48293763,415.7094134,1826.310553,3208.061575,445.4012,-1.5503,0.028164367,209.91,94.25,43.256
2.950007143,-4.388,-1.066,-38.505,-19.563,-83.328,-58.068,9.535,-10.295,-5.907,-0.27443,-0.08437,-2.797,3803.875,6.734,254.5630707,-2.405795401,102.364,56.908,-3796.73,707.27,-329.34,-366.76,-4132.97,58.494,299.573,-3259.338,349.2,489.405,3260.278,-2730.296,-783.096,-234.081,-7047.387,3282.487,-35.645,9.178,-5686.494,-83.58,-13.49,-16.27,-13.402,22.446,2.712,26.828,-1.348,-0.618,0.706,0.303,-3.01,-1.467,-0.197,-216.94,-0.37744,0.0486,257.286,15.405,-32.12,-1933.914074,18.96782,1454,791,8.85104338,4.75070846,104.5540353,0.53438038,0.05077826,0.02820578,1.2410918,1.47667836,13.46736956,8.34940611,105.1570023,1.99111111,126.8561344,542.4444444,0.56691661,116.177825,0.93620526,6.61645657,5.12948038,5.23017188,6.3954023,100.7686108,73.35869549,23277.77778,6.92008838,16.03141134,3.65603468,2.42569715,415.7094134,1928.97722,3310.728242,445.4012,-1.5503,0.028164367,209.91,94.25,43.256
4.327625021,-4.388,-1.009,-32.495,-21.41,-83.019,-53.904,8.444,-9.737,-5.349,-0.27003,-0.07708,4.977,3810.377,12.021,4.888527395,-0.689178053,105.808,58.14,-3802.68,712.32,-332.47,-360.95,-4127.95,58.526,303.011,-3270.705,350.781,486.07,3249.401,-2724.99,-782.568,-231.442,-7042.473,3291.716,-35.973,10.666,-5690.771,-84.01,-12.52,-16.19,-13.483,22.22,2.44,26.463,-0.937,-0.668,0.709,0.304,-2.851,-1.606,-0.252,-216.13,-0.40434,0.01578,261.997,14.719,-30.831,-1913.778092,6.20048,1454,791,8.85104338,4.75070846,104.5540353,0.53743877,0.0534339,0.02996658,1.33513474,1.47667836,13.46736956,8.34940611,107.4940461,1.99111111,126.8561344,522.4444444,0.56691661,116.177825,0.95282251,6.61645657,4.87948038,5.34128299,6.3954023,100.3418341,71.43504023,22971.77778,6.92008838,16.12316305,3.84724111,2.57712601,419.0313058,1961.169341,3095.376239,444.4164,-2.0111,0.009747652,212.71,93.25,43.97
4.789146635,-5.091,-1.132,-27.536,-31.098,-91.667,-58.634,9.733,-10.929,-5.838,-0.26912,-0.08668,19.653,3813.225,27.04,1014.891161,-3.00641947,105.287,56.501,-3802.43,699.73,-337.32,-360.09,-4145.38,58.436,296.302,-3242.078,344.996,483.265,3245.551,-2724.763,-784.325,-232.36,-7047.259,3286.231,-36.262,1.616,-5682.644,-85.52,-11.12,-16.26,-13.4,22.28,2.163,25.29,-1.583,-1.109,0.496,0.213,-3.051,-2,-0.383,-218.2,-0.40298,0.0207,265.417,15.538,-32.036,-1914.068705,38.2116,1476,740,8.85104338,4.59299414,104.5540353,0.53743877,0.05294088,0.03009141,1.38428126,1.56947935,13.3830499,8.49653569,109.2081744,1.77777778,123.4029957,522.4444444,0.55051103,118.2056416,0.95282251,6.61645657,4.93599515,5.45850342,6.04137931,100.451273,72.45647301,21768.44444,6.9643373,16.12316305,3.91762548,2.64804403,419.0313058,1858.502675,2992.709573,444.4164,-2.0111,0.009747652,212.71,93.25,43.97
1.012065735,-5.169,-1.059,-28.881,-26.644,-80.527,-55.525,9.735,-10.452,-5.283,-0.23048,-0.06085,10.282,3787.608,22.862,1415.300719,-3.150848727,105.645,55.406,-3777.86,705.54,-325.64,-355.28,-4099.48,59.529,295.786,-3182.275,350.223,494.188,3249.406,-2740.338,-784.26,-232.913,-7003.431,3262.239,-35.57,23.842,-5629.067,-83.53,-13.43,-16.37,-13.812,21.757,1.448,24.647,-1.502,-0.408,0.492,0.211,-3.35,-1.998,-0.104,-215.43,-0.33986,0.0389,278.092,15.46,-31.908,-1898.912031,114.43,1544,792,8.60971038,4.19772016,128.0112605,0.54541936,0.05074557,0.02877245,1.1331412,1.34871047,13.84192166,9.51233176,84.90847417,1.72528616,184.6805922,508.4444444,0.49919566,125.8214647,0.95315959,6.05533326,5.04206469,5.65735263,6.06021505,103.6941254,63.62623851,22023.44444,8.35717656,16.90800026,4.31337372,3.04987991,423.58563,1929.564382,3347.783802,451.4503,-0.2463,0.567152695,172.61,86.25,49.056
0.598771833,-4.474,-1.027,-30.237,-22.363,-74.897,-52.6,5.047,-10.133,-5.659,-0.23322,-0.06178,-5.49,3775.355,24.976,1117.530376,-3.048259337,103.287,54.129,-3769.48,702.7,-319.85,-363.81,-4099.37,60.687,303.677,-3166.162,338.336,493.016,3263.072,-2767.583,-776.301,-227.559,-7009.684,3270.022,-36.567,22.766,-5620.61,-85.45,-16.53,-19.38,-13.163,17.798,2.189,24.655,-0.806,-0.628,0.492,0.148,-2.883,-1.677,-0.153,-215.1,-0.33828,0.04411,277.92,15.491,-31.956,-1898.884598,47.2039,1533,847,8.60971038,4.32871827,128.0112605,0.54541936,0.05122127,0.02877538,1.09542516,1.26997238,13.92624132,9.36520218,83.45197672,1.93756504,189.9760657,508.4444444,0.51495868,123.7014264,0.95315959,6.05533326,4.98554992,5.5401322,6.41505376,103.5846865,62.51460937,23269.77778,8.31292764,16.90800026,4.25136509,2.99263943,423.58563,2039.564382,3457.783802,451.4503,-0.2463,0.567152695,172.61,86.25,49.056
2.018362575,-4.813,-1.044,-26.893,-23.767,-71.492,-50.66,8.829,-10.307,-5.494,-0.23021,-0.05649,6.386,3788.173,22.385,1031.17892,-3.013334026,107.621,56.777,-3790.97,706.14,-326.42,-359.22,-4114.71,59.899,303.848,-3201.08,342.395,491.185,3261.564,-2740.681,-781.304,-231.234,-7046.881,3284.569,-36.3,4.991,-5637.65,-84.63,-12.11,-16.27,-13.225,21.308,1.5,23.554,-0.781,-0.618,0.494,0.148,-3.073,-1.783,-0.189,-216.04,-0.33165,0.05451,286.721,15.596,-32.037,-1879.048785,37.2656,1533,847,8.60971038,4.32871827,128.0112605,0.5483791,0.05349473,0.03029234,1.18120518,1.26997238,13.92624132,9.36520218,85.54108527,1.93756504,189.9760657,488.4444444,0.51495868,123.7014264,0.96879936,6.05533326,4.73554992,5.65124331,6.41505376,103.1579098,60.13646007,22955.77778,8.31292764,16.99975197,4.44006235,3.15040382,426.9075224,2074.292325,3225.192515,450.4656,-0.7071,0.196290825,175.41,85.25,49.77
2.483729117,-5.345,-1.075,-35.305,-27.589,-96.294,-62.894,7.201,-10.611,-5.266,-0.23361,-0.0623,-1.748,3787.41,25.734,1407.018153,-3.148299701,104.205,54.312,-3770.16,702.75,-330.19,-356.21,-4102.02,58.821,296.39,-3198.428,347.543,491.943,3234.624,-2722.889,-786.391,-234.118,-6984.279,3254.587,-35.747,20.726,-5638.93,-84.16,-13.53,-16.4,-13.787,22.653,1.746,26.114,-1.462,-0.432,0.494,0.148,-3.589,-2,-0.159,-215.71,-0.3451,0.03263,286.877,15.453,-31.887,-1879.058059,108.2387,1544,792,8.60971038,4.19772016,128.0112605,0.5483791,0.05306408,0.03038983,1.22524135,1.34871047,13.84192166,9.51233176,86.93943181,1.72528616,184.6805922,488.4444444,0.49919566,125.8214647,0.96879936,6.05533326,4.79206469,5.76846374,6.06021505,103.2673487,61.10842562,21731.44444,8.35717656,16.99975197,4.51044672,3.22132184,426.9075224,1964.292325,3115.192515,450.4656,-0.7071,0.196290825,175.41,85.25,49.77
2.866461092,-4.272,-0.909,-27.427,-24.751,-77.02,-52.178,7.406,-8.775,-4.503,-0.25881,-0.11658,15.337,3789.667,24.258,1201.660767,-3.079781882,102.392,56.449,-3765.87,707.58,-325.94,-354.22,-4074.04,58.43,299.67,-3197.372,349.48,485.355,3268.495,-2745.159,-775.629,-225.824,-7011.206,3270.546,-35.661,23.132,-5651.637,-84.59,-8.8,-16.38,-12.858,19.013,2.039,25.171,-0.833,-0.504,0.603,0.258,-2.769,-1.856,-0.024,-212.48,-0.43904,-0.02918,248.981,15.277,-31.837,-1949.727223,73.44608,1212,645,8.18735729,4.239495,104.5540353,0.53763978,0.05078753,0.02827376,1.26594287,1.5954198,12.48412502,7.97075227,95.47785614,1.57142857,106.8348717,514.4444444,0.54598497,107.8740454,0.94974407,6.07180951,5.13402992,5.20251561,5.6031746,95.12527294,70.03596313,17846.44444,6.78471905,15.05391393,3.55512707,2.37499586,390.6619721,1468.672592,2672.071245,419.3821,-0.9492,0.112408719,172.61,86.583,40.607
2.434742657,-3.93,-1.025,-33.025,-22.765,-82.855,-55.79,4.467,-9.896,-5.966,-0.27751,-0.10617,6.635,3789.058,24.624,73.0408592,-1.863565873,103.023,56.775,-3760.46,703.52,-337.58,-365.4,-4106.94,58.697,297.864,-3190.919,346.956,489.45,3271.023,-2734.574,-791.35,-231.056,-7013.705,3251.02,-35.681,17.683,-5614.189,-84.4,-12.13,-19.41,-13.829,22.508,1.624,24.333,-1.056,-0.861,0.603,0.181,-2.295,-1.707,-0.111,-215.24,-0.41623,-0.00481,247.339,15.728,-32.543,-1949.741741,8.98764,1168,694,8.18735729,4.39494883,104.5540353,0.53763978,0.05136939,0.02826531,1.2229456,1.49561403,12.56844468,7.82362269,93.84737926,1.7755102,109.9989881,514.4444444,0.56342427,105.9652264,0.94974407,6.07180951,5.07751515,5.08529518,5.95238095,95.01583405,68.91582448,18897.77778,6.74047013,15.05391393,3.49311844,2.31775538,390.6619721,1556.672592,2760.071245,419.3821,-0.9492,0.112408719,172.61,86.583,40.607
3.997402019,-3.673,-0.927,-28.667,-23.758,-72.021,-52.425,6.468,-8.953,-5.28,-0.26656,-0.1196,9.792,3808.464,22.367,3.794523118,-0.579157203,103.085,56.215,-3778.69,697.1,-329.59,-359.15,-4111.98,58.484,299.495,-3237.26,339.122,485.893,3264.965,-2729.022,-779.633,-227.433,-7025.939,3274.187,-35.848,17.116,-5681.547,-83.09,-11.69,-19.45,-14.62,22.935,0.729,28.051,-1.331,-0.856,0.424,0.182,-2.164,-1.782,-0.121,-214.55,-0.40377,0.01225,255.679,15.806,-32.653,-1929.920999,1.984,1454,791,8.71381821,4.66287743,141.8781195,0.53438038,0.05302198,0.02966094,1.31198465,1.47667836,13.46736956,8.34940611,108.907956,1.99111111,126.8561344,542.4444444,0.56691661,116.177825,0.94448103,6.45119362,4.9091478,5.31885527,6.3954023,101.085851,72.43719673,23497.77778,6.92008838,16.03141134,3.81758252,2.55084123,414.9692094,1945.047804,3168.034855,445.4045,-1.7211,0.019006406,218.55,93.583,42.958
4.447331784,-4.604,-0.965,-29.176,-26.47,-77.861,-55.646,7.442,-9.319,-4.715,-0.26984,-0.1077,28.365,3824.519,36.356,800.0719659,-2.903129053,104.215,55.995,-3780.53,713.82,-335.57,-354.61,-4103.34,58.209,301.573,-3186.46,354.035,484.669,3256,-2734.495,-784.146,-230.516,-7028.283,3265.704,-36.093,9.163,-5633.524,-85.46,-10.86,-19.61,-13.107,21.917,1.961,25.363,-1.08,-0.908,0.424,0.182,-2.904,-2.635,-0.191,-214.49,-0.42192,-0.00559,257.859,15.087,-31.403,-1929.922419,25.5491,1476,740,8.71381821,4.50750959,141.8781195,0.53438038,0.05254009,0.02979272,1.35948158,1.56947935,13.3830499,8.49653569,110.6438364,1.77777778,123.4029957,542.4444444,0.55051103,118.2056416,0.94448103,6.45119362,4.96566257,5.4360757,6.04137931,101.1952899,73.46851028,22272.44444,6.9643373,16.03141134,3.88796689,2.62175924,414.9692094,1842.381138,3065.368189,445.4045,-1.7211,0.019006406,218.55,93.583,42.958
3.465846926,-3.946,-1.077,-25.787,-25.423,-81.316,-51.21,4.326,-10.164,-6.218,-0.26512,-0.06239,-6.207,3775.553,21.53,1168.007241,-3.067445535,99.653,54.893,-3801.6,716.88,-328.54,-358.2,-4116.21,59.241,303.022,-3201.049,354.622,484.264,3217.563,-2708.576,-776.93,-231.784,-7003.9,3245.77,-35.872,15.726,-5612.308,-85.26,-11.33,-16.37,-13.024,21.192,1.94,24.084,-1.298,-0.666,0.457,0.137,-2.351,-1.907,-0.293,-215.97,-0.39802,0.03709,233.172,15.529,-32.094,-2664.113279,74.79958,1306,668,8.81061385,4.560851,154.903455,0.58159952,0.05754158,0.03117514,1.30453819,1.61873114,13.02933054,8.73681499,97.90556812,1.55529132,113.0974399,473.654321,0.56561232,114.1130425,1.00248567,6.79405978,5.18862097,5.41826958,5.67980296,103.0742021,68.45790227,17448.76543,7.23074821,16.86638602,4.37316022,2.71223729,418.2184216,1574.878591,2852.4808,470.2818,0.1741,1.493138178,172.61,86.472,44.638
3.032545632,-4.286,-0.979,-28.019,-23.774,-66.632,-51.793,10.992,-9.242,-4.956,-0.25555,-0.05601,-2.15,3844.59,9.491,56.01570889,-1.748309836,101.068,56.819,-3794.03,716.98,-333.33,-358.44,-4115.23,60.075,304.376,-3210.659,352.525,484.978,3230.701,-2722.106,-782.488,-233.333,-7026.581,3276.459,-35.823,-0.945,-5611.515,-85.79,-10.88,-16.4,-11.94,21.122,1.79,23.029,-0.918,-0.51,0.457,0.196,-2.571,-1.783,-0.128,-215,-0.38936,0.05077,233.784,15.092,-31.662,-2664.12854,7.575,1273,719,8.81061385,4.71763637,154.903455,0.58159952,0.05825881,0.03123526,1.25989181,1.51811404,13.11365021,8.58968541,96.21886956,1.74791914,116.4108867,473.654321,0.58196172,112.1052919,1.00248567,6.79405978,5.1321062,5.30104915,6.0320197,102.9647632,67.32838802,18494.20988,7.18649929,16.86638602,4.3111516,2.65499681,418.2184216,1670.211924,2947.814133,470.2818,0.1741,1.493138178,172.61,86.472,44.638
4.433916216,-4.224,-1.026,-29.404,-19.549,-66.05,-48.953,11.446,-9.688,-5.464,-0.25914,-0.06311,22.217,3788.181,25.71,0.001,3,103.122,56.142,-3792.51,707.04,-320.3,-364.02,-4104.56,58.018,300.193,-3282.53,348.829,482.07,3228.854,-2704.256,-766.974,-227.194,-7004.322,3270.875,-35.393,16.865,-5710.088,-82.23,-8.98,-16.37,-10.018,20.51,1.127,23.458,-0.901,-0.398,0.321,0.138,-2.777,-1.466,-0.119,-214.92,-0.36988,0.07038,241.671,15.455,-32.183,-2644.266407,0.0124,1273,719,8.81061385,4.71763637,154.903455,0.58476337,0.06119771,0.03322806,1.35754103,1.51811404,13.11365021,8.58968541,98.5295405,1.74791914,116.4108867,453.654321,0.58196172,112.1052919,1.01963896,6.79405978,4.8821062,5.41216026,6.0320197,102.5379865,65.38254456,18208.20988,7.18649929,16.95813773,4.52863034,2.82438488,421.5403139,1699.868224,2749.701415,469.297,-0.2867,0.51677322,175.41,85.472,45.352
4.92885471,-4.651,-1.093,-30.921,-25.028,-80.628,-55.949,7.662,-10.314,-5.663,-0.26455,-0.05958,7.83,3795.073,21.063,618.3973824,-2.791267643,103.003,56.138,-3797.85,717.74,-336.28,-353.01,-4114.57,59.596,304.559,-3206.893,353.58,482.502,3203.202,-2690.291,-782.762,-231.83,-6997.936,3246.818,-36.025,5.015,-5620.845,-85.97,-10.96,-16.4,-13.397,21.46,2.048,24.908,-1.193,-0.771,0.321,0.197,-2.82,-1.877,-0.23,-216.04,-0.39962,0.03942,241.261,15.684,-32.185,-2644.22161,25.81548,1306,668,8.81061385,4.560851,154.903455,0.58476337,0.06051335,0.03327934,1.40967466,1.61873114,13.02933054,8.73681499,100.1615306,1.55529132,113.0974399,453.654321,0.56561232,114.1130425,1.01963896,6.79405978,4.93862097,5.52938069,5.67980296,102.6474254,66.37239521,17184.76543,7.23074821,16.95813773,4.59901472,2.8953029,421.5403139,1604.534891,2654.368081,469.297,-0.2867,0.51677322,175.41,85.472,45.352
3.061780582,-5.397,-1.114,-29.241,-25.93,-80.353,-55.171,5.526,-10.272,-4.875,-0.26307,-0.05264,17.944,3773.427,20.88,1238.935752,-3.093048786,97.529,54.618,-3767.66,706.89,-323.08,-361.67,-4082.25,58.904,296.987,-3253.272,351.001,483.755,3248.342,-2728.132,-770.955,-226.511,-7003.728,3283.912,-35.875,12.098,-5700.493,-83.38,-10.43,-16.42,-11.066,20.128,1.813,23.731,-0.981,-0.805,0.525,0.157,-3.398,-1.945,-0.23,-214.38,-0.40953,0.03559,240.202,14.563,-31.221,-2205.193272,75.00598,1212,645,8.40517794,4.37556888,133.6382827,0.56463725,0.05258736,0.03097665,1.2790065,1.5954198,12.48412502,7.97075227,88.45169111,1.57142857,106.8348717,466.0493827,0.54598497,107.8740454,0.98754052,6.33599853,5.02600523,5.28188069,5.6031746,97.43467402,64.20093434,16391.82716,7.02757018,15.80984288,3.68111522,2.60203851,401.3630741,1460.896744,2633.04071,435.8367,-0.4903,0.323370204,172.61,82.694,42.668
2.619969752,-3.714,-1.03,-28.51,-17.831,-69.219,-46.341,12.879,-9.501,-5.787,-0.26395,-0.06176,4.379,3783.186,7.226,147.0353464,-2.167421749,97.567,55.704,-3785.88,701.78,-335.14,-354.65,-4114.96,58.042,300.982,-3182.676,342.757,481.186,3252.063,-2758.495,-780.443,-225.975,-7010.779,3274.101,-35.885,25.665,-5634.801,-84.09,-11.64,-19.36,-12.584,17.186,3.191,26.155,-0.642,-0.523,0.367,0.157,-2.386,-1.337,-0.118,-215.25,-0.39466,0.05219,239.722,14.627,-31.285,-2205.187368,8.99275,1168,694,8.40517794,4.53498748,133.6382827,0.56463725,0.05322216,0.03103412,1.23515349,1.49561403,12.56844468,7.82362269,86.89190965,1.7755102,109.9989881,466.0493827,0.56342427,105.9652264,0.98754052,6.33599853,4.96949046,5.16466026,5.95238095,97.32523513,63.13546002,17374.71605,6.98332126,15.80984288,3.6191066,2.54479803,401.3630741,1548.896744,2721.04071,435.8367,-0.4903,0.323370204,172.61,82.694,42.668
3.799423073,-4.293,-1.065,-23.383,-30.701,-72.056,-54.084,14.085,-9.823,-5.53,-0.25741,-0.05066,-6.137,3844.894,8.9,0.762793911,0.117592782,97.713,55.321,-3787.1,698.39,-329.26,-355.52,-4117.82,59.137,299.139,-3235.855,340.114,483.919,3240.712,-2727.9,-777.257,-232.982,-7026.613,3290.504,-35.922,2.748,-5656.97,-84.63,-10.35,-16.36,-12.435,20.933,1.456,23.136,-0.966,-0.732,0.527,0.226,-2.379,-2,-0.089,-215.71,-0.40303,0.03369,245.418,13.841,-29.352,-2185.141458,0.81512,1168,694,8.18735729,4.39494883,104.5540353,0.54091663,0.05418125,0.030112,1.31461092,1.49561403,12.56844468,7.82362269,96.02213447,1.7755102,109.9989881,494.4444444,0.56342427,105.9652264,0.96746914,6.07180951,4.82751515,5.19640629,5.95238095,94.58905735,67.04148895,18619.77778,6.74047013,15.14566564,3.68432487,2.46918425,393.9838645,1583.793071,2579.197811,418.3974,-1.41,0.038904514,175.41,85.583,41.321
4.282912275,-3.997,-1.015,-27.294,-23.654,-79.792,-50.947,7.255,-9.358,-5.361,-0.25405,-0.07098,14.021,3784.313,21.879,643.0568102,-2.808249342,98.71,54.896,-3776.86,710.56,-334.69,-358.54,-4105.3,58.608,301.419,-3194.028,350.532,483.912,3232.919,-2726.209,-782.494,-233.982,-6981.149,3247.921,-36.109,26.547,-5629.064,-83.9,-11.61,-16.27,-13.177,20.4,2.347,23.165,-1.147,-0.581,0.527,0.226,-2.424,-1.774,-0.072,-214.62,-0.40065,0.04051,248.608,14.72,-31.317,-2185.346664,25.41118,1212,645,8.18735729,4.239495,104.5540353,0.54091663,0.0536387,0.03023931,1.36462172,1.5954198,12.48412502,7.97075227,97.59999498,1.57142857,106.8348717,494.4444444,0.54598497,107.8740454,0.96746914,6.07180951,4.88402992,5.31362672,5.6031746,94.69849625,68.02196401,17590.44444,6.78471905,15.14566564,3.75470924,2.54010226,393.9838645,1495.793071,2491.197811,418.3974,-1.41,0.038904514,175.41,85.583,41.321
3.043543417,-4.143,-1.017,-27.094,-27.095,-74.127,-54.189,10.545,-9.375,-5.232,-0.26301,-0.0624,-11.524,3784.85,5.086,1335.647983,-3.125692013,94.893,53.502,-3778.19,700.24,-323.01,-357.88,-4098.28,58.235,296.165,-3246.924,345.84,482.622,3234.119,-2717.099,-770.064,-227.991,-6995.215,3272.55,-35.566,16.984,-5661.7,-84.36,-10.91,-16.19,-10.979,21.035,1.734,23.352,-0.804,-0.882,0.394,0.241,-2.133,-2,-0.218,-214.29,-0.40779,0.0516,241.237,14.329,-30.803,-1845.146885,74.93209,1476,740,8.71381821,4.50750959,141.8781195,0.53132199,0.04984304,0.02791651,1.26196604,1.56947935,13.3830499,8.49653569,108.404789,1.77777778,123.4029957,562.4444444,0.55051103,118.2056416,0.92786378,6.45119362,5.21566257,5.32496459,6.04137931,101.6220666,75.48697368,22556.44444,6.9643373,15.93965963,3.68838471,2.45665284,411.647317,1810.189016,3280.720191,446.3892,-1.2603,0.05491614,215.75,94.583,42.244
2.64244628,-4.809,-1.005,-29.945,-29.331,-74.457,-59.276,11.026,-9.265,-4.456,-0.26598,-0.04636,-10.405,3782.51,10.676,212.0189637,-2.326374707,94.839,54.203,-3788.13,706.94,-327.95,-356.9,-4112.09,58.508,302.224,-3204.246,346.21,484.703,3247.556,-2742.527,-776.716,-228.843,-7032.139,3284.698,-35.942,4.59,-5622.894,-85.39,-12.18,-19.63,-13.223,21.239,1.955,23.468,-0.811,-0.873,0.562,0.241,-2.548,-2,-0.401,-214.87,-0.40893,0.05359,241.197,14.161,-30.715,-1845.14447,8.79857,1454,791,8.71381821,4.66287743,141.8781195,0.53132199,0.05036633,0.02790014,1.22102241,1.47667836,13.46736956,8.34940611,106.6151431,1.99111111,126.8561344,562.4444444,0.56691661,116.177825,0.92786378,6.45119362,5.1591478,5.20774416,6.3954023,101.5126277,74.31599655,23803.77778,6.92008838,15.93965963,3.62637608,2.39941236,411.647317,1912.855683,3383.386858,446.3892,-1.2603,0.05491614,215.75,94.583,42.244
4.093718844,-3.803,-1.119,-31.868,-24.626,-79.954,-56.493,5.733,-10.319,-6.516,-0.26739,-0.05143,22.099,3802.627,32.354,1.671710815,-0.223161152,98.521,54.26,-3810.71,709.91,-335.85,-349.36,-4129.29,58.114,302.608,-3221.276,349.187,484.004,3245.877,-2718.998,-783.798,-229.194,-7065.837,3290.194,-36.058,-7.011,-5633.112,-85.31,-12.43,-16.36,-14.29,24.042,1.456,26.218,-0.705,-0.924,0.565,0.169,-2.164,-1.847,-0.14,-216.78,-0.38398,0.07728,248.53,14.65,-31.266,-1825.361771,1.32016,1262,682,8.37768316,4.44175185,96.73496026,0.53263034,0.05182532,0.02857104,1.33503625,1.52943501,13.11365021,8.38484071,113.2914032,1.71462545,116.2177954,550.4444444,0.57935524,112.3664391,0.94648454,6.26228106,5.31226052,5.6928165,5.98275862,97.91918437,78.49477949,20806.11111,7.40367646,15.44627984,3.83507342,2.51425127,400.1381099,1702.673444,2817.374852,436.3878,-1.2045,0.062445335,175.41,93.25,41.23
4.494578672,-4.048,-1.034,-24.857,-23.736,-73.755,-48.592,6.359,-9.53,-5.482,-0.26227,-0.04654,21.759,3764.151,32.725,710.7654419,-2.851726304,97.456,53.556,-3787.94,709.9,-333.65,-358.44,-4111.04,59.532,304.007,-3213.931,346.362,481.195,3224.437,-2705.976,-778.919,-228.944,-6983.939,3234.757,-35.925,28.521,-5629.769,-84.75,-10.91,-16.3,-12.683,21.113,2.167,22.937,-1.094,-1.126,0.565,0.242,-2.119,-1.78,-0.286,-215.08,-0.40569,0.05558,249.616,14.408,-30.708,-1825.271991,25.68212,1212,645,8.40517794,4.37556888,133.6382827,0.56791409,0.05543853,0.0329422,1.37981122,1.5954198,12.48412502,7.97075227,90.71555644,1.57142857,106.8348717,446.0493827,0.54598497,107.8740454,1.00526559,6.33599853,4.77600523,5.3929918,5.6031746,97.00789732,62.02820506,16135.82716,7.02757018,15.90159458,3.8806974,2.76714491,404.6849665,1488.017222,2452.167276,434.852,-0.9511,0.111918015,175.41,81.694,43.382
3.054285286,-4.315,-0.945,-27.076,-25.461,-74.87,-52.537,7.165,-8.924,-4.609,-0.25575,-0.05072,20.826,3816.516,26.94,1395.806409,-3.144825188,103.576,55.803,-3784.74,698.82,-328.39,-352.26,-4109.64,57.988,299.373,-3226.048,341.455,486.364,3216.501,-2703.403,-779.009,-232.874,-6975.747,3248.575,-35.745,24.976,-5652.562,-83.17,-10.8,-16.22,-12.981,20.511,2.145,23.509,-1.568,-0.68,0.641,0.275,-2.658,-1.91,-0.044,-214.41,-0.40045,0.03864,268.689,15.44,-31.857,-1860.139388,84.89347,1212,645,8.22755988,4.26455454,128.979947,0.55985534,0.05226857,0.0304979,1.27870089,1.5954198,12.48412502,7.97075227,86.58219456,1.57142857,106.8348717,466.4444444,0.54598497,107.8740454,0.98084585,6.12022724,4.96736325,5.32496459,5.6031746,94.25924754,61.39055456,16442.44444,6.78471905,15.67594946,3.65879965,2.56182373,406.4984674,1478.418788,2633.929443,415.4182,-0.6685,0.214535912,172.61,80.583,42.533
2.617082865,-4.383,-1.141,-26.301,-29.43,-73.333,-55.731,14.67,-10.766,-6.383,-0.24848,-0.03892,4.361,3782.8,9.669,466.428445,-2.668785028,102.778,56.708,-3788.55,686.43,-330.74,-359.97,-4139.22,58.497,296.43,-3235.754,331.504,487.671,3229.609,-2694.062,-782.32,-229.09,-7012.323,3256.476,-36.088,7.589,-5643.028,-84.15,-13.6,-19.55,-13.727,21.933,1.294,27.917,-0.829,-0.783,0.641,0.192,-2.435,-2,-0.097,-217.73,-0.38552,0.05632,268.785,15.425,-31.929,-1860.15288,20.49334,1168,694,8.22755988,4.42074132,128.979947,0.55985534,0.05289399,0.0305437,1.23486808,1.49561403,12.56844468,7.82362269,85.05436904,1.7755102,109.9989881,466.4444444,0.56342427,105.9652264,0.98084585,6.12022724,4.91084849,5.20774416,5.95238095,94.14980865,60.34158933,17427.77778,6.74047013,15.67594946,3.59679103,2.50458325,406.4984674,1566.418788,2721.929443,415.4182,-0.6685,0.214535912,172.61,80.583,42.533
3.805763251,-3.534,-0.927,-26.737,-20.669,-70.702,-47.406,7.522,-8.754,-5.22,-0.23281,-0.02873,12.953,3821.69,28.909,57.85335729,-1.762328567,105.117,56.235,-3789.18,692.81,-329.17,-358.97,-4123.67,58.374,302.744,-3243.638,331.694,487.665,3217.995,-2702.336,-780.908,-224.646,-7002.771,3270.622,-35.927,4.239,-5683.592,-85.03,-9.79,-19.68,-9.268,16.808,4.665,27.686,-0.515,-0.531,0.451,0.193,-2.26,-2.2,-0.115,-214.94,-0.36515,0.07885,276.576,15.686,-32.102,-1840.281396,8.18952,1318,760,8.82962424,4.63540175,128.979947,0.55779136,0.05464936,0.03031335,1.30632505,1.4819274,12.73754666,8.13423991,91.73640858,1.94768133,118.6507459,482.4444444,0.54847735,110.8215257,0.9772337,6.62713464,4.724624,5.36636803,6.19458128,98.06641584,61.39950085,19686.77778,6.83391349,16.17594946,3.82545494,2.54632135,422.1430287,1768.585487,2881.890759,430.4329,-1.6319,0.023339954,184.64,83.083,43.884
4.271808601,-4.51,-0.93,-38.755,-17.683,-83.278,-56.438,13.366,-8.778,-4.268,-0.25302,-0.04334,19.709,3812.97,32.03,1085.028344,-3.035441083,104.88,55.943,-3780.89,700.5,-343.71,-355.17,-4123.26,58.706,301.603,-3237.518,340.191,480.933,3199.146,-2693.314,-789.028,-229.785,-6973.663,3268.008,-35.616,4.924,-5653.544,-83.25,-14.79,-16.16,-12.887,23.601,2.833,26.195,-1.322,-0.844,0.644,0.193,-3.087,-1.326,-0.225,-214.94,-0.35246,0.09631,277.147,15.494,-31.926,-1840.311631,36.5616,1351,711,8.82962424,4.47711393,128.979947,0.55779136,0.05410888,0.03043302,1.35464835,1.57780851,12.653227,8.28136949,93.27966314,1.73365042,115.337299,482.4444444,0.53204278,112.7898435,0.9772337,6.62713464,4.78113876,5.48358845,5.84236453,98.17585473,62.33322979,18614.44444,6.87816241,16.17594946,3.89583931,2.61723937,422.1430287,1673.252153,2786.557426,430.4329,-1.6319,0.023339954,184.64,83.083,43.884
2.862962545,-4.062,-0.952,-29.935,-19.348,-68.059,-49.283,7.241,-8.776,-4.714,-0.2698,-0.05701,20.011,3816.773,27.242,1396.299925,-3.144978715,100.49,55.137,-3772.49,705.98,-329.25,-358.87,-4096.69,58.217,300.08,-3214.827,347.685,484.946,3234.464,-2712.594,-778.128,-229.239,-7004.759,3261.531,-36.065,4.185,-5648.061,-85.54,-10.85,-16.43,-11.868,22.622,0.54,24.565,-0.904,-0.964,0.687,0.294,-2.694,-1.451,-0.112,-213.61,-0.38836,0.05975,264.484,15.039,-31.578,-1785.301112,84.19987,1351,711,8.82962424,4.47711393,128.979947,0.55462751,0.0513369,0.02851317,1.25725748,1.57780851,12.653227,8.28136949,90.90059407,1.73365042,115.337299,502.4444444,0.53204278,112.7898435,0.96008041,6.62713464,5.03113876,5.37247734,5.84236453,98.60263142,64.57777738,18884.44444,6.87816241,16.08419775,3.69625713,2.45213297,418.8211363,1643.595854,2984.670144,431.4176,-1.1711,0.067437273,181.84,84.083,43.17
2.45136494,-3.745,-1.022,-24.308,-23.195,-69.06,-47.503,3.85,-9.422,-5.677,-0.26176,-0.04319,-9.766,3782.61,-7.894,560.0228797,-2.74820577,95.967,54.254,-3776.46,700.39,-334.35,-365.46,-4118.08,59.158,298.541,-3215.512,342.694,484.446,3249.067,-2748.662,-783.247,-229.565,-7026.993,3299.008,-35.552,-0.599,-5659.334,-84.97,-11.24,-16.43,-13.315,21.519,1.538,23.765,-1.038,-0.883,0.687,0.294,-2.005,-1.74,-0.201,-215.33,-0.3797,0.07242,264.619,15.151,-31.82,-1785.332839,19.15414,1318,760,8.82962424,4.63540175,128.979947,0.55462751,0.05191784,0.02851062,1.2156441,1.4819274,12.73754666,8.13423991,89.29570467,1.94768133,118.6507459,502.4444444,0.54847735,110.8215257,0.96008041,6.62713464,4.974624,5.25525691,6.19458128,98.49319253,63.50438484,19978.77778,6.83391349,16.08419775,3.63424851,2.39489249,418.8211363,1738.929187,3080.003477,431.4176,-1.1711,0.067437273,181.84,84.083,43.17
-0.246498581,-4.165,-1.002,-31.066,-20.627,-67.214,-51.693,8.567,-9.241,-5.076,-0.24653,-0.03747,16.095,3845.26,25.29,5.434845831,-0.735187229,101.549,55.449,-3773,685.66,-341.13,-367.5,-4134.34,57.739,298.703,-3265.784,329.216,480.329,3240.516,-2703.845,-785.692,-227.217,-7022.067,3287.705,-35.77,-7.571,-5694.203,-83.24,-11.73,-16.18,-15.053,22.536,0.628,27.831,-1.062,-0.975,0.689,0.207,-2.642,-1.547,-0.107,-215.96,-0.37138,0.08211,265.364,16.401,-32.312,-1888.4398,6.33212,1168,694,8.22755988,4.42074132,128.979947,0.56313218,0.05570584,0.03239039,1.32839556,1.49561403,12.56844468,7.82362269,87.44917117,1.7755102,109.9989881,446.4444444,0.56342427,105.9652264,0.99857091,6.12022724,4.66084849,5.31885527,5.95238095,93.72303195,58.18153952,17149.77778,6.74047013,15.76770117,3.78799746,2.65601211,409.8203598,1593.539266,2541.056009,414.4335,-1.1293,0.074250606,175.41,79.583,43.247
-0.049605613,-3.883,-0.959,-25.602,-32.011,-79.388,-57.613,9.721,-8.84,-4.957,-0.25088,-0.04952,19.595,3778.345,24.334,991.5234449,-2.996302988,100.76,55.516,-3798.04,717.99,-331.7,-352.23,-4108.2,59.705,304.822,-3197.461,353.463,483.122,3225.489,-2713.753,-778.721,-229.692,-7022.105,3263.48,-36.102,4.378,-5622.935,-85.76,-12.35,-16.42,-13.356,21.717,1.737,25.194,-1.099,-1.1,0.483,0.295,-2.066,-2,-0.348,-214.25,-0.27246,-0.10368,265.364,16.401,-32.312,-1888.4398,35.263,1212,645,8.22755988,4.26455454,128.979947,0.56313218,0.05511974,0.03246345,1.3794552,1.5954198,12.48412502,7.97075227,88.9161498,1.57142857,106.8348717,446.4444444,0.54598497,107.8740454,0.99857091,6.12022724,4.71736325,5.4360757,5.6031746,93.83247084,59.09084116,16186.44444,6.78471905,15.76770117,3.85838183,2.72693013,409.8203598,1505.539266,2453.056009,414.4335,-1.1293,0.074250606,175.41,79.583,43.247
